user_id,Age,Education_num,hours_per_week,capital_gain,WorkClass,marital_status,sex,stage,income_binary,IncomeLabel
1,63,1,58.2,491,Govt,Never-married,Male,AddToCart,0,<=50K
2,20,3,37.5,523,Self-emp,Never-married,Male,Signup,0,<=50K
3,46,8,37.1,503,Self-emp,Widowed,Male,Landing,0,<=50K
4,52,7,38.8,484,Govt,Married,Female,Signup,0,<=50K
5,56,1,39.0,465,Govt,Divorced,Male,AddToCart,0,<=50K
6,35,4,17.3,480,Govt,Divorced,Male,Browse,0,<=50K
7,37,7,33.6,507,Govt,Divorced,Female,Signup,0,<=50K
8,60,5,43.0,493,Private,Married,Male,Signup,0,<=50K
9,40,15,39.9,509,Govt,Never-married,Male,Signup,1,>50K
10,51,2,32.0,502,Private,Married,Male,Landing,0,<=50K
11,50,6,33.4,521,Private,Widowed,Female,Browse,0,<=50K
12,65,4,36.4,461,Unemployed,Married,Female,Landing,0,<=50K
13,27,15,32.0,454,Govt,Married,Male,AddToCart,0,<=50K
14,50,14,34.9,526,Unemployed,Married,Male,Signup,1,>50K
15,64,16,34.6,503,Unemployed,Married,Female,Purchase,1,>50K
16,50,9,49.0,571,Govt,Never-married,Male,Landing,0,<=50K
17,65,10,50.2,471,Unemployed,Divorced,Female,Browse,0,<=50K
18,43,12,49.3,512,Self-emp,Married,Male,Signup,1,>50K
19,37,1,44.3,496,Private,Never-married,Female,Purchase,0,<=50K
20,32,9,32.9,515,Private,Married,Male,Browse,0,<=50K
21,54,11,49.6,531,Unemployed,Widowed,Male,Browse,1,>50K
22,50,10,36.9,495,Govt,Never-married,Female,Landing,0,<=50K
23,34,16,40.2,508,Self-emp,Never-married,Male,Signup,0,<=50K
24,22,8,53.4,494,Govt,Never-married,Female,AddToCart,0,<=50K
25,21,16,40.8,499,Unemployed,Widowed,Female,Signup,0,<=50K
26,20,14,42.5,518,Unemployed,Married,Female,AddToCart,0,<=50K
27,38,12,25.9,513,Private,Never-married,Female,AddToCart,1,>50K
28,57,3,44.9,486,Self-emp,Divorced,Male,Landing,0,<=50K
29,20,5,30.2,500,Private,Widowed,Female,Landing,0,<=50K
30,38,11,50.1,535,Private,Never-married,Male,Landing,1,>50K
31,65,15,38.2,491,Unemployed,Divorced,Female,Landing,1,>50K
32,25,14,17.6,490,Private,Divorced,Female,Signup,0,<=50K
33,59,1,36.4,464,Self-emp,Widowed,Male,Browse,0,<=50K
34,53,13,37.7,465,Self-emp,Never-married,Female,Signup,1,>50K
35,46,9,44.9,474,Unemployed,Widowed,Female,Landing,0,<=50K
36,56,4,46.7,533,Unemployed,Divorced,Female,Browse,0,<=50K
37,51,3,36.7,500,Unemployed,Divorced,Female,Purchase,0,<=50K
38,39,4,50.1,520,Private,Widowed,Male,Landing,0,<=50K
39,48,7,8.3,517,Self-emp,Divorced,Male,Signup,0,<=50K
40,45,3,32.9,507,Private,Married,Female,Landing,0,<=50K
41,52,15,28.9,460,Private,Never-married,Male,Landing,1,>50K
42,51,12,27.5,517,Private,Widowed,Female,Landing,1,>50K
43,30,9,49.6,506,Govt,Divorced,Female,Browse,0,<=50K
44,58,6,48.3,446,Unemployed,Divorced,Female,Browse,0,<=50K
45,21,5,32.2,507,Unemployed,Married,Female,Signup,0,<=50K
46,60,5,51.8,484,Private,Widowed,Male,Browse,0,<=50K
47,23,13,41.0,480,Govt,Never-married,Female,Signup,0,<=50K
48,18,1,35.8,523,Govt,Widowed,Female,Signup,0,<=50K
49,29,15,33.1,503,Private,Married,Male,Landing,0,<=50K
50,52,16,32.2,526,Govt,Divorced,Female,Landing,1,>50K
51,28,12,44.7,520,Unemployed,Never-married,Male,Signup,0,<=50K
52,40,1,46.5,523,Unemployed,Never-married,Male,Signup,0,<=50K
53,31,16,42.4,503,Govt,Never-married,Male,Landing,0,<=50K
54,36,4,19.5,503,Unemployed,Married,Female,AddToCart,0,<=50K
55,54,12,43.0,522,Unemployed,Never-married,Female,Browse,1,>50K
56,33,9,45.7,469,Govt,Widowed,Male,Browse,0,<=50K
57,61,12,33.3,505,Self-emp,Divorced,Male,Signup,1,>50K
58,45,6,40.4,533,Unemployed,Widowed,Male,Browse,0,<=50K
59,62,16,21.4,493,Unemployed,Divorced,Male,Landing,1,>50K
60,48,5,27.7,500,Private,Never-married,Male,Signup,0,<=50K
61,24,12,36.8,494,Self-emp,Widowed,Female,Browse,0,<=50K
62,63,12,36.9,513,Govt,Never-married,Male,Signup,1,>50K
63,44,2,43.5,495,Self-emp,Never-married,Female,Landing,0,<=50K
64,34,5,28.1,521,Self-emp,Married,Female,Browse,0,<=50K
65,24,13,36.6,502,Govt,Married,Male,Browse,0,<=50K
66,32,3,35.1,520,Private,Married,Female,AddToCart,0,<=50K
67,57,2,45.3,538,Govt,Widowed,Male,AddToCart,0,<=50K
68,29,5,54.2,545,Govt,Widowed,Male,Landing,0,<=50K
69,25,15,57.2,517,Govt,Widowed,Male,Landing,0,<=50K
70,19,2,24.3,508,Govt,Married,Male,Browse,0,<=50K
71,61,13,39.5,495,Self-emp,Divorced,Male,Purchase,1,>50K
72,55,11,28.9,523,Self-emp,Widowed,Male,Purchase,1,>50K
73,43,9,39.4,523,Self-emp,Married,Male,AddToCart,0,<=50K
74,38,2,44.2,473,Unemployed,Widowed,Male,Landing,0,<=50K
75,30,2,40.8,478,Govt,Widowed,Male,Landing,0,<=50K
76,36,8,39.5,534,Private,Never-married,Male,Browse,0,<=50K
77,35,3,54.8,476,Govt,Widowed,Female,Signup,0,<=50K
78,19,12,47.2,489,Unemployed,Never-married,Male,Browse,0,<=50K
79,62,9,37.3,521,Unemployed,Married,Female,AddToCart,0,<=50K
80,59,16,40.2,514,Self-emp,Divorced,Male,Signup,1,>50K
81,45,10,48.7,518,Private,Widowed,Male,Purchase,0,<=50K
82,40,9,46.1,503,Self-emp,Divorced,Male,Signup,0,<=50K
83,21,12,35.7,524,Unemployed,Widowed,Male,Signup,0,<=50K
84,21,14,22.2,499,Private,Divorced,Female,Browse,0,<=50K
85,29,4,28.2,459,Private,Married,Male,AddToCart,0,<=50K
86,39,11,41.5,514,Private,Married,Male,AddToCart,1,>50K
87,43,4,22.1,461,Private,Widowed,Female,Browse,0,<=50K
88,57,5,38.5,505,Govt,Married,Male,AddToCart,0,<=50K
89,59,16,35.5,473,Unemployed,Married,Male,Purchase,1,>50K
90,52,4,50.0,525,Unemployed,Never-married,Female,Purchase,0,<=50K
91,21,4,26.8,475,Private,Never-married,Female,Signup,0,<=50K
92,29,16,20.7,544,Self-emp,Divorced,Female,Signup,0,<=50K
93,21,7,35.8,470,Govt,Divorced,Male,AddToCart,0,<=50K
94,48,15,46.3,506,Private,Married,Male,Browse,1,>50K
95,24,2,50.7,502,Unemployed,Widowed,Female,Browse,0,<=50K
96,27,7,30.9,469,Unemployed,Widowed,Male,AddToCart,0,<=50K
97,41,3,44.7,475,Private,Married,Male,AddToCart,0,<=50K
98,32,8,28.9,500,Self-emp,Divorced,Male,Signup,0,<=50K
99,56,13,32.5,518,Self-emp,Married,Female,Browse,1,>50K
100,37,8,45.7,504,Govt,Never-married,Female,Signup,0,<=50K
101,24,1,47.2,527,Self-emp,Widowed,Male,Signup,0,<=50K
102,30,11,30.0,455,Govt,Widowed,Male,Signup,0,<=50K
103,45,6,44.7,539,Self-emp,Divorced,Female,Signup,0,<=50K
104,56,5,21.3,471,Self-emp,Widowed,Male,Signup,0,<=50K
105,35,7,38.0,465,Govt,Divorced,Male,Signup,0,<=50K
106,64,13,28.7,481,Govt,Never-married,Female,Browse,1,>50K
107,28,2,31.9,471,Private,Married,Male,AddToCart,0,<=50K
108,53,2,27.2,501,Govt,Divorced,Male,Browse,0,<=50K
109,53,5,45.5,510,Govt,Married,Male,Browse,0,<=50K
110,19,16,45.5,494,Self-emp,Widowed,Male,Landing,0,<=50K
111,65,1,33.1,506,Private,Never-married,Male,Browse,0,<=50K
112,63,8,43.8,512,Self-emp,Widowed,Male,Purchase,0,<=50K
113,34,7,42.6,480,Self-emp,Married,Male,Signup,0,<=50K
114,23,9,38.7,508,Unemployed,Divorced,Male,Landing,0,<=50K
115,58,8,61.6,498,Govt,Never-married,Female,Signup,0,<=50K
116,63,7,31.6,530,Private,Married,Female,Landing,0,<=50K
117,40,15,40.1,505,Govt,Never-married,Female,Browse,1,>50K
118,64,9,36.2,477,Govt,Never-married,Female,Purchase,0,<=50K
119,33,14,36.3,483,Self-emp,Divorced,Female,Landing,0,<=50K
120,58,12,41.6,532,Unemployed,Widowed,Male,AddToCart,1,>50K
121,43,3,37.1,555,Govt,Widowed,Male,Signup,0,<=50K
122,63,7,31.4,517,Self-emp,Widowed,Male,Signup,0,<=50K
123,18,12,41.2,506,Unemployed,Widowed,Male,Signup,0,<=50K
124,53,5,51.8,509,Private,Married,Male,Browse,0,<=50K
125,47,1,49.4,524,Unemployed,Married,Female,Landing,0,<=50K
126,19,6,42.0,551,Private,Never-married,Male,Purchase,0,<=50K
127,37,9,32.6,488,Private,Married,Male,Signup,0,<=50K
128,22,7,41.9,513,Unemployed,Never-married,Male,AddToCart,0,<=50K
129,48,16,50.8,493,Private,Never-married,Male,Purchase,1,>50K
130,25,5,51.9,537,Unemployed,Divorced,Male,Browse,0,<=50K
131,47,3,43.6,548,Private,Widowed,Female,AddToCart,0,<=50K
132,56,5,36.4,479,Unemployed,Never-married,Male,Landing,0,<=50K
133,19,13,38.0,465,Govt,Divorced,Male,Landing,0,<=50K
134,30,1,47.7,523,Unemployed,Married,Male,Signup,0,<=50K
135,21,1,46.9,482,Govt,Widowed,Male,Signup,0,<=50K
136,62,6,22.4,496,Self-emp,Married,Male,Landing,0,<=50K
137,25,11,46.6,504,Unemployed,Divorced,Male,Browse,0,<=50K
138,56,10,47.1,482,Unemployed,Never-married,Male,AddToCart,0,<=50K
139,42,1,31.1,480,Unemployed,Never-married,Female,Landing,0,<=50K
140,24,10,32.4,509,Unemployed,Divorced,Male,Signup,0,<=50K
141,31,9,32.4,508,Unemployed,Widowed,Female,Landing,0,<=50K
142,46,16,33.2,552,Unemployed,Married,Male,Signup,1,>50K
143,62,7,25.8,498,Private,Widowed,Female,Purchase,0,<=50K
144,38,11,43.1,483,Govt,Married,Female,Landing,1,>50K
145,54,6,32.1,489,Unemployed,Widowed,Female,Landing,0,<=50K
146,50,6,39.3,520,Self-emp,Never-married,Male,Landing,0,<=50K
147,58,16,35.0,509,Self-emp,Divorced,Female,Browse,1,>50K
148,42,15,42.6,512,Private,Divorced,Male,Signup,1,>50K
149,63,4,29.9,508,Govt,Widowed,Female,AddToCart,0,<=50K
150,31,9,42.5,500,Self-emp,Divorced,Female,AddToCart,0,<=50K
151,26,13,43.9,498,Self-emp,Never-married,Male,Landing,0,<=50K
152,32,11,48.3,473,Private,Married,Female,Purchase,0,<=50K
153,24,16,59.7,474,Self-emp,Never-married,Male,Browse,0,<=50K
154,19,2,19.1,514,Govt,Married,Male,AddToCart,0,<=50K
155,48,9,43.2,498,Govt,Divorced,Female,Purchase,0,<=50K
156,24,4,32.9,509,Govt,Divorced,Male,Signup,0,<=50K
157,58,12,20.7,504,Private,Married,Male,Signup,1,>50K
158,28,12,48.4,494,Private,Widowed,Female,Purchase,0,<=50K
159,30,8,53.3,496,Self-emp,Divorced,Male,Signup,0,<=50K
160,30,9,36.1,546,Govt,Never-married,Female,Purchase,0,<=50K
161,43,15,42.1,528,Unemployed,Never-married,Male,Browse,1,>50K
162,60,6,39.4,503,Govt,Widowed,Female,Browse,0,<=50K
163,25,12,44.3,506,Unemployed,Widowed,Female,Landing,0,<=50K
164,31,13,48.8,518,Private,Divorced,Female,Signup,0,<=50K
165,62,10,43.4,458,Govt,Widowed,Female,Landing,0,<=50K
166,19,14,43.5,504,Unemployed,Never-married,Female,Signup,0,<=50K
167,59,2,52.6,516,Self-emp,Never-married,Male,AddToCart,0,<=50K
168,32,5,38.4,520,Govt,Divorced,Female,AddToCart,0,<=50K
169,41,10,49.2,492,Private,Never-married,Male,AddToCart,0,<=50K
170,51,12,31.8,479,Govt,Never-married,Male,Signup,1,>50K
171,21,4,56.1,511,Unemployed,Never-married,Male,AddToCart,0,<=50K
172,35,5,47.4,467,Unemployed,Married,Male,Signup,0,<=50K
173,42,11,36.0,520,Private,Never-married,Female,Signup,1,>50K
174,64,5,18.9,497,Govt,Never-married,Male,Browse,0,<=50K
175,41,5,40.0,457,Private,Divorced,Male,Landing,0,<=50K
176,23,15,28.2,523,Private,Widowed,Female,Purchase,0,<=50K
177,51,1,43.0,480,Govt,Divorced,Female,Browse,0,<=50K
178,55,16,54.5,527,Private,Divorced,Male,Signup,1,>50K
179,20,16,41.6,554,Self-emp,Divorced,Female,Browse,0,<=50K
180,36,1,38.2,486,Govt,Divorced,Female,Browse,0,<=50K
181,64,11,43.4,498,Unemployed,Widowed,Female,Purchase,1,>50K
182,63,7,42.9,488,Self-emp,Divorced,Female,Browse,0,<=50K
183,53,16,16.4,489,Unemployed,Divorced,Male,Browse,1,>50K
184,36,13,42.4,495,Self-emp,Divorced,Female,Signup,1,>50K
185,45,9,46.2,510,Self-emp,Never-married,Male,Signup,0,<=50K
186,64,5,37.4,502,Private,Never-married,Female,Landing,0,<=50K
187,27,11,49.8,499,Govt,Never-married,Male,Browse,0,<=50K
188,35,9,38.7,535,Private,Never-married,Male,Browse,0,<=50K
189,21,1,47.7,534,Unemployed,Married,Female,Landing,0,<=50K
190,29,16,62.7,517,Unemployed,Never-married,Female,Signup,0,<=50K
191,44,2,39.0,517,Self-emp,Married,Male,Landing,0,<=50K
192,46,14,20.6,481,Govt,Married,Male,Browse,1,>50K
193,29,12,36.6,511,Private,Never-married,Female,Signup,0,<=50K
194,28,16,22.7,445,Unemployed,Divorced,Male,AddToCart,0,<=50K
195,21,13,46.1,499,Unemployed,Never-married,Female,Signup,0,<=50K
196,63,8,53.1,509,Govt,Married,Male,Purchase,0,<=50K
197,41,7,47.0,508,Self-emp,Married,Female,AddToCart,0,<=50K
198,43,3,43.2,505,Govt,Married,Female,Signup,0,<=50K
199,45,13,33.6,492,Unemployed,Never-married,Female,Landing,1,>50K
200,64,7,55.8,485,Private,Never-married,Male,AddToCart,0,<=50K
201,21,5,47.5,509,Private,Widowed,Female,Signup,0,<=50K
202,53,13,42.8,504,Private,Married,Male,Landing,1,>50K
203,32,3,42.0,485,Self-emp,Never-married,Female,Browse,0,<=50K
204,39,16,41.1,500,Govt,Widowed,Female,Landing,1,>50K
205,41,12,44.5,501,Govt,Married,Female,Landing,1,>50K
206,41,5,33.9,468,Self-emp,Married,Female,Signup,0,<=50K
207,54,8,55.3,495,Private,Never-married,Female,AddToCart,0,<=50K
208,22,15,41.5,471,Unemployed,Married,Female,Signup,0,<=50K
209,23,6,46.0,538,Unemployed,Divorced,Male,Signup,0,<=50K
210,27,9,35.7,531,Govt,Married,Male,Landing,0,<=50K
211,20,2,43.7,467,Private,Never-married,Male,Signup,0,<=50K
212,55,4,17.2,501,Unemployed,Never-married,Male,Landing,0,<=50K
213,51,4,28.8,519,Govt,Divorced,Male,Signup,0,<=50K
214,23,13,39.7,468,Self-emp,Married,Female,Signup,0,<=50K
215,27,11,26.8,468,Unemployed,Divorced,Male,Landing,0,<=50K
216,33,12,64.4,556,Unemployed,Divorced,Male,Landing,0,<=50K
217,46,10,23.3,513,Self-emp,Divorced,Female,Purchase,0,<=50K
218,20,2,43.5,503,Private,Widowed,Male,Signup,0,<=50K
219,28,6,56.6,475,Self-emp,Widowed,Male,AddToCart,0,<=50K
220,54,6,44.8,494,Govt,Divorced,Male,Purchase,0,<=50K
221,21,3,36.9,471,Govt,Never-married,Male,Landing,0,<=50K
222,21,5,34.5,483,Unemployed,Married,Male,Browse,0,<=50K
223,41,7,46.7,492,Private,Widowed,Male,Purchase,0,<=50K
224,45,10,32.0,478,Govt,Divorced,Female,Purchase,0,<=50K
225,52,1,38.8,481,Unemployed,Widowed,Female,Signup,0,<=50K
226,55,10,46.9,540,Govt,Widowed,Male,Signup,0,<=50K
227,41,6,36.9,512,Unemployed,Widowed,Male,Purchase,0,<=50K
228,39,4,40.9,507,Govt,Widowed,Female,AddToCart,0,<=50K
229,43,13,37.0,474,Private,Divorced,Female,Purchase,1,>50K
230,35,14,30.3,538,Private,Never-married,Female,AddToCart,0,<=50K
231,20,12,51.9,504,Unemployed,Married,Female,Browse,0,<=50K
232,63,16,53.9,517,Self-emp,Married,Female,Signup,1,>50K
233,28,16,36.8,478,Self-emp,Married,Female,Signup,0,<=50K
234,26,2,37.3,497,Private,Widowed,Male,Browse,0,<=50K
235,50,16,38.2,481,Self-emp,Widowed,Male,AddToCart,1,>50K
236,43,8,45.4,492,Govt,Widowed,Female,Landing,0,<=50K
237,53,7,30.9,484,Self-emp,Widowed,Male,Purchase,0,<=50K
238,21,6,39.1,508,Private,Widowed,Male,Browse,0,<=50K
239,19,14,42.6,504,Govt,Divorced,Female,Browse,0,<=50K
240,25,16,46.4,477,Govt,Never-married,Female,AddToCart,0,<=50K
241,24,11,12.2,498,Private,Widowed,Male,AddToCart,0,<=50K
242,53,12,44.0,524,Private,Divorced,Male,Landing,1,>50K
243,51,14,43.5,519,Private,Widowed,Male,AddToCart,1,>50K
244,57,7,50.1,480,Self-emp,Married,Female,Landing,0,<=50K
245,36,15,34.7,485,Private,Widowed,Female,AddToCart,1,>50K
246,46,12,34.8,501,Private,Divorced,Female,Browse,1,>50K
247,56,3,52.0,460,Unemployed,Divorced,Male,AddToCart,0,<=50K
248,23,9,24.4,535,Self-emp,Divorced,Male,AddToCart,0,<=50K
249,27,2,56.3,500,Self-emp,Never-married,Male,Purchase,0,<=50K
250,58,11,65.6,520,Private,Married,Female,Signup,1,>50K
251,59,3,44.8,477,Unemployed,Married,Male,Browse,0,<=50K
252,22,15,48.1,500,Unemployed,Divorced,Female,Signup,0,<=50K
253,41,5,25.1,477,Govt,Divorced,Female,Signup,0,<=50K
254,58,12,33.1,500,Unemployed,Widowed,Female,Browse,1,>50K
255,39,8,50.6,489,Private,Divorced,Female,Signup,0,<=50K
256,43,10,43.6,464,Self-emp,Divorced,Male,Signup,0,<=50K
257,54,14,38.2,496,Govt,Divorced,Female,Landing,1,>50K
258,62,6,42.3,456,Unemployed,Divorced,Female,Landing,0,<=50K
259,46,3,45.1,496,Private,Married,Female,Purchase,0,<=50K
260,53,2,37.1,457,Private,Never-married,Female,Landing,0,<=50K
261,37,7,39.7,474,Private,Married,Female,AddToCart,0,<=50K
262,35,6,39.6,535,Self-emp,Widowed,Male,AddToCart,0,<=50K
263,57,4,29.5,459,Govt,Divorced,Female,Signup,0,<=50K
264,62,12,43.2,495,Private,Divorced,Male,Landing,1,>50K
265,58,2,58.0,523,Self-emp,Married,Male,Landing,0,<=50K
266,32,6,57.3,496,Private,Widowed,Male,Purchase,0,<=50K
267,32,9,25.2,489,Unemployed,Married,Female,Browse,0,<=50K
268,41,9,45.7,489,Unemployed,Married,Female,Landing,0,<=50K
269,46,6,46.8,466,Govt,Married,Male,Landing,0,<=50K
270,34,14,35.9,508,Self-emp,Divorced,Female,Purchase,0,<=50K
271,64,14,30.4,528,Unemployed,Never-married,Male,Signup,1,>50K
272,42,6,26.8,473,Self-emp,Never-married,Male,Signup,0,<=50K
273,33,15,35.6,529,Self-emp,Divorced,Male,Browse,0,<=50K
274,34,5,43.5,488,Self-emp,Never-married,Female,Browse,0,<=50K
275,64,10,38.4,483,Private,Divorced,Male,Signup,0,<=50K
276,64,4,33.9,543,Unemployed,Widowed,Male,Landing,0,<=50K
277,38,13,27.5,504,Self-emp,Divorced,Male,Purchase,1,>50K
278,61,11,43.5,479,Unemployed,Never-married,Female,Signup,1,>50K
279,65,4,50.7,538,Govt,Never-married,Female,Landing,0,<=50K
280,44,5,30.7,506,Self-emp,Divorced,Female,Browse,0,<=50K
281,22,2,44.5,512,Self-emp,Divorced,Male,Purchase,0,<=50K
282,39,14,21.2,498,Self-emp,Widowed,Male,Landing,1,>50K
283,50,11,33.4,490,Self-emp,Married,Male,Landing,1,>50K
284,57,10,47.3,531,Govt,Never-married,Male,Landing,0,<=50K
285,19,6,28.8,515,Self-emp,Widowed,Male,Browse,0,<=50K
286,52,10,34.0,517,Self-emp,Never-married,Female,Signup,0,<=50K
287,60,12,54.2,498,Unemployed,Widowed,Male,Purchase,1,>50K
288,36,14,32.7,503,Unemployed,Never-married,Female,Landing,1,>50K
289,57,8,31.5,496,Self-emp,Married,Male,Browse,0,<=50K
290,44,16,45.8,523,Private,Married,Male,Landing,1,>50K
291,57,14,59.5,488,Self-emp,Widowed,Female,AddToCart,1,>50K
292,53,9,37.6,487,Govt,Widowed,Male,Purchase,0,<=50K
293,56,3,47.7,497,Private,Divorced,Female,Browse,0,<=50K
294,19,12,53.5,493,Self-emp,Married,Male,Browse,0,<=50K
295,58,9,43.3,536,Govt,Never-married,Male,Signup,0,<=50K
296,35,2,37.3,501,Govt,Widowed,Male,AddToCart,0,<=50K
297,63,7,31.2,492,Self-emp,Widowed,Male,Signup,0,<=50K
298,40,11,25.7,488,Unemployed,Never-married,Female,Landing,1,>50K
299,43,1,51.1,493,Private,Married,Female,AddToCart,0,<=50K
300,28,12,41.8,520,Private,Widowed,Female,Browse,0,<=50K
301,65,16,53.3,490,Govt,Widowed,Male,Purchase,1,>50K
302,18,3,49.9,514,Self-emp,Widowed,Female,Signup,0,<=50K
303,53,5,33.8,491,Self-emp,Married,Female,Purchase,0,<=50K
304,37,6,28.1,492,Govt,Married,Male,AddToCart,0,<=50K
305,48,9,44.1,496,Self-emp,Married,Female,Landing,0,<=50K
306,25,13,33.7,493,Unemployed,Married,Female,Browse,0,<=50K
307,57,12,43.8,501,Self-emp,Divorced,Male,AddToCart,1,>50K
308,41,5,32.7,566,Govt,Never-married,Male,Landing,0,<=50K
309,37,6,31.4,474,Private,Divorced,Female,Landing,0,<=50K
310,32,1,38.6,514,Govt,Widowed,Male,Purchase,0,<=50K
311,47,12,49.3,488,Govt,Never-married,Male,Signup,1,>50K
312,37,4,43.1,463,Self-emp,Widowed,Female,Purchase,0,<=50K
313,55,8,51.8,535,Govt,Divorced,Female,Signup,0,<=50K
314,19,15,27.7,512,Govt,Divorced,Male,Browse,0,<=50K
315,23,13,29.4,483,Unemployed,Never-married,Male,Signup,0,<=50K
316,59,3,39.1,488,Private,Never-married,Male,Purchase,0,<=50K
317,35,11,61.7,524,Unemployed,Divorced,Female,AddToCart,0,<=50K
318,53,6,46.7,518,Unemployed,Married,Female,Signup,0,<=50K
319,31,1,29.3,494,Govt,Widowed,Male,AddToCart,0,<=50K
320,43,1,39.2,473,Govt,Divorced,Female,AddToCart,0,<=50K
321,51,3,42.2,505,Unemployed,Divorced,Female,Landing,0,<=50K
322,47,3,34.3,452,Private,Never-married,Male,Browse,0,<=50K
323,24,3,46.1,517,Private,Divorced,Male,Landing,0,<=50K
324,47,8,38.4,497,Unemployed,Never-married,Male,AddToCart,0,<=50K
325,35,9,37.0,492,Govt,Married,Female,Landing,0,<=50K
326,39,2,52.6,540,Private,Married,Female,AddToCart,0,<=50K
327,34,1,22.9,516,Private,Never-married,Male,Browse,0,<=50K
328,48,11,30.4,487,Govt,Widowed,Male,Purchase,1,>50K
329,34,10,31.8,486,Self-emp,Never-married,Female,Landing,0,<=50K
330,48,8,31.5,499,Private,Divorced,Female,Signup,0,<=50K
331,30,6,32.7,504,Self-emp,Never-married,Male,Signup,0,<=50K
332,44,12,44.9,501,Self-emp,Married,Male,Landing,1,>50K
333,37,9,51.0,492,Private,Never-married,Female,Signup,0,<=50K
334,34,1,49.2,516,Self-emp,Widowed,Male,Landing,0,<=50K
335,46,3,29.8,492,Unemployed,Never-married,Female,Landing,0,<=50K
336,56,6,38.9,514,Private,Never-married,Female,Signup,0,<=50K
337,52,10,44.5,507,Unemployed,Married,Female,Signup,0,<=50K
338,25,5,42.4,452,Unemployed,Married,Female,Browse,0,<=50K
339,60,14,53.1,511,Private,Divorced,Male,Signup,1,>50K
340,55,5,33.2,419,Govt,Divorced,Female,Purchase,0,<=50K
341,32,2,41.6,471,Unemployed,Widowed,Male,Signup,0,<=50K
342,18,16,36.1,527,Private,Never-married,Female,Purchase,0,<=50K
343,50,13,42.5,496,Govt,Married,Male,Landing,1,>50K
344,20,15,29.2,493,Self-emp,Never-married,Male,Signup,0,<=50K
345,56,4,30.7,484,Govt,Never-married,Male,Landing,0,<=50K
346,55,16,32.7,451,Unemployed,Widowed,Male,Browse,1,>50K
347,65,15,34.4,466,Private,Married,Male,Purchase,1,>50K
348,32,6,55.5,472,Self-emp,Never-married,Male,Browse,0,<=50K
349,59,12,51.8,507,Unemployed,Married,Male,Browse,1,>50K
350,35,9,37.9,496,Private,Never-married,Female,Browse,0,<=50K
351,55,5,41.7,514,Self-emp,Never-married,Male,Signup,0,<=50K
352,48,3,24.1,517,Self-emp,Widowed,Male,Purchase,0,<=50K
353,37,9,38.2,493,Unemployed,Never-married,Male,Purchase,0,<=50K
354,24,10,41.6,493,Self-emp,Widowed,Female,Browse,0,<=50K
355,54,4,51.5,517,Govt,Never-married,Male,AddToCart,0,<=50K
356,44,11,43.3,531,Govt,Married,Male,Purchase,1,>50K
357,25,7,44.3,506,Unemployed,Never-married,Female,Landing,0,<=50K
358,31,3,43.0,500,Unemployed,Married,Male,AddToCart,0,<=50K
359,32,10,42.7,484,Private,Divorced,Male,Landing,0,<=50K
360,24,9,26.0,501,Unemployed,Never-married,Female,Browse,0,<=50K
361,50,1,35.8,502,Private,Widowed,Male,Purchase,0,<=50K
362,51,6,54.3,491,Self-emp,Divorced,Female,Browse,0,<=50K
363,21,1,48.2,512,Unemployed,Widowed,Female,Signup,0,<=50K
364,18,8,44.9,525,Self-emp,Never-married,Female,Purchase,0,<=50K
365,58,2,40.7,534,Self-emp,Widowed,Male,Signup,0,<=50K
366,31,7,46.6,475,Unemployed,Widowed,Female,AddToCart,0,<=50K
367,48,2,30.6,514,Govt,Married,Female,Browse,0,<=50K
368,55,16,24.2,486,Private,Married,Male,Landing,1,>50K
369,37,15,36.2,515,Govt,Divorced,Male,Landing,1,>50K
370,20,7,45.4,497,Govt,Never-married,Female,AddToCart,0,<=50K
371,52,13,41.1,484,Govt,Widowed,Male,Purchase,1,>50K
372,63,9,50.1,513,Govt,Widowed,Female,Purchase,0,<=50K
373,50,1,43.5,486,Unemployed,Widowed,Male,Browse,0,<=50K
374,32,9,40.4,502,Unemployed,Married,Male,Landing,0,<=50K
375,20,8,53.3,536,Govt,Never-married,Male,Landing,0,<=50K
376,45,12,51.3,532,Private,Widowed,Male,Signup,1,>50K
377,44,12,39.0,475,Private,Married,Male,Landing,1,>50K
378,64,1,29.0,531,Unemployed,Married,Female,Purchase,0,<=50K
379,64,1,30.9,506,Govt,Married,Male,Browse,0,<=50K
380,50,9,38.4,493,Govt,Widowed,Male,AddToCart,0,<=50K
381,36,11,36.3,538,Self-emp,Widowed,Female,Signup,1,>50K
382,50,3,56.6,531,Private,Never-married,Female,Browse,0,<=50K
383,48,6,23.2,505,Unemployed,Never-married,Female,Landing,0,<=50K
384,21,9,39.4,466,Private,Divorced,Female,Signup,0,<=50K
385,49,10,29.3,524,Private,Widowed,Female,AddToCart,0,<=50K
386,59,9,41.2,534,Private,Never-married,Female,Signup,0,<=50K
387,45,5,43.8,480,Private,Divorced,Female,Landing,0,<=50K
388,33,11,36.0,525,Govt,Never-married,Female,Landing,0,<=50K
389,60,4,45.3,515,Govt,Widowed,Female,Browse,0,<=50K
390,45,12,38.0,526,Govt,Divorced,Female,Browse,1,>50K
391,32,7,38.2,469,Govt,Divorced,Male,Landing,0,<=50K
392,65,2,35.8,506,Unemployed,Widowed,Male,Purchase,0,<=50K
393,39,15,46.5,514,Unemployed,Widowed,Female,Purchase,1,>50K
394,48,6,41.4,525,Self-emp,Married,Female,Landing,0,<=50K
395,38,1,55.7,456,Govt,Married,Female,Signup,0,<=50K
396,49,9,52.7,515,Govt,Divorced,Female,AddToCart,0,<=50K
397,24,5,45.5,531,Self-emp,Never-married,Female,Signup,0,<=50K
398,50,15,18.4,472,Self-emp,Widowed,Female,Signup,1,>50K
399,25,16,25.2,509,Self-emp,Never-married,Male,Purchase,0,<=50K
400,31,12,49.9,521,Unemployed,Never-married,Male,Signup,0,<=50K
401,42,16,35.2,456,Private,Widowed,Female,AddToCart,1,>50K
402,49,3,42.3,489,Unemployed,Married,Female,Signup,0,<=50K
403,45,3,33.7,471,Self-emp,Married,Female,Browse,0,<=50K
404,19,3,45.2,504,Self-emp,Divorced,Female,Purchase,0,<=50K
405,34,15,49.6,504,Self-emp,Never-married,Female,Browse,0,<=50K
406,44,16,27.9,480,Self-emp,Widowed,Female,Signup,1,>50K
407,19,16,31.9,478,Private,Married,Female,Signup,0,<=50K
408,25,8,23.4,488,Private,Never-married,Male,Signup,0,<=50K
409,55,6,42.3,511,Self-emp,Married,Female,Browse,0,<=50K
410,37,5,23.3,518,Govt,Widowed,Male,Browse,0,<=50K
411,54,15,36.3,501,Self-emp,Widowed,Female,Landing,1,>50K
412,38,16,45.2,505,Private,Married,Male,Signup,1,>50K
413,43,14,60.6,500,Private,Divorced,Female,Browse,1,>50K
414,48,5,43.7,528,Self-emp,Never-married,Male,Browse,0,<=50K
415,37,1,52.5,445,Private,Married,Male,Signup,0,<=50K
416,23,7,42.6,518,Unemployed,Married,Male,Browse,0,<=50K
417,32,5,43.1,525,Self-emp,Divorced,Male,Landing,0,<=50K
418,18,8,37.9,491,Private,Never-married,Male,Landing,0,<=50K
419,43,11,36.2,492,Unemployed,Married,Female,Landing,1,>50K
420,46,9,51.7,496,Private,Divorced,Female,Signup,0,<=50K
421,19,5,43.7,462,Private,Never-married,Male,AddToCart,0,<=50K
422,39,14,43.4,499,Unemployed,Married,Male,Browse,1,>50K
423,46,8,33.9,524,Self-emp,Divorced,Female,Landing,0,<=50K
424,26,14,36.5,482,Self-emp,Divorced,Male,Browse,0,<=50K
425,58,2,60.7,505,Govt,Widowed,Male,Signup,0,<=50K
426,38,15,39.3,479,Self-emp,Married,Male,Signup,1,>50K
427,49,3,53.3,496,Govt,Married,Female,AddToCart,0,<=50K
428,49,10,34.8,486,Unemployed,Widowed,Female,Browse,0,<=50K
429,64,4,48.0,469,Unemployed,Married,Male,Landing,0,<=50K
430,61,2,42.9,506,Private,Widowed,Male,Landing,0,<=50K
431,57,3,36.0,497,Private,Married,Male,Signup,0,<=50K
432,43,7,46.5,510,Private,Married,Female,Signup,0,<=50K
433,65,5,24.6,547,Self-emp,Widowed,Female,Signup,0,<=50K
434,30,15,45.7,507,Govt,Never-married,Male,Purchase,0,<=50K
435,20,3,47.9,490,Private,Widowed,Female,Signup,0,<=50K
436,49,9,42.7,504,Unemployed,Married,Female,Browse,0,<=50K
437,50,9,53.1,488,Private,Divorced,Female,Landing,0,<=50K
438,50,4,39.3,512,Unemployed,Divorced,Female,Landing,0,<=50K
439,59,4,38.5,532,Govt,Married,Female,AddToCart,0,<=50K
440,59,11,43.6,514,Self-emp,Married,Male,Signup,1,>50K
441,30,8,48.7,533,Unemployed,Married,Male,Signup,0,<=50K
442,60,10,45.7,505,Unemployed,Never-married,Female,Signup,0,<=50K
443,23,10,37.7,504,Private,Widowed,Female,Signup,0,<=50K
444,21,10,30.0,469,Unemployed,Never-married,Male,Landing,0,<=50K
445,55,14,46.6,513,Private,Married,Female,Signup,1,>50K
446,23,10,32.1,508,Govt,Divorced,Male,Purchase,0,<=50K
447,20,13,31.8,489,Self-emp,Widowed,Male,Landing,0,<=50K
448,44,4,33.5,524,Govt,Married,Female,Landing,0,<=50K
449,57,10,40.6,497,Unemployed,Widowed,Female,Landing,0,<=50K
450,37,1,32.0,520,Unemployed,Widowed,Male,AddToCart,0,<=50K
451,35,9,28.6,474,Self-emp,Divorced,Female,Browse,0,<=50K
452,37,11,33.4,496,Unemployed,Married,Male,Purchase,1,>50K
453,47,11,38.2,509,Private,Married,Male,Signup,1,>50K
454,27,8,44.5,472,Govt,Married,Male,Landing,0,<=50K
455,40,15,40.7,465,Unemployed,Never-married,Female,Browse,1,>50K
456,64,15,29.2,504,Self-emp,Married,Male,Landing,1,>50K
457,20,12,42.3,499,Self-emp,Divorced,Female,Browse,0,<=50K
458,26,9,43.2,523,Private,Never-married,Male,Landing,0,<=50K
459,36,10,35.5,482,Self-emp,Married,Female,Signup,0,<=50K
460,53,7,32.0,526,Private,Widowed,Male,Browse,0,<=50K
461,57,8,32.0,484,Unemployed,Divorced,Female,AddToCart,0,<=50K
462,44,13,34.7,487,Private,Never-married,Female,AddToCart,1,>50K
463,59,14,62.1,516,Private,Divorced,Female,Signup,1,>50K
464,45,3,31.1,524,Private,Widowed,Female,Browse,0,<=50K
465,60,6,42.7,503,Self-emp,Married,Female,Browse,0,<=50K
466,25,15,32.9,507,Unemployed,Divorced,Female,Signup,0,<=50K
467,59,16,34.9,521,Self-emp,Married,Female,AddToCart,1,>50K
468,65,5,32.9,488,Self-emp,Divorced,Female,Landing,0,<=50K
469,25,14,48.0,496,Govt,Divorced,Male,Browse,0,<=50K
470,35,3,43.8,520,Unemployed,Divorced,Female,Signup,0,<=50K
471,38,8,38.7,464,Govt,Widowed,Male,Landing,0,<=50K
472,63,13,45.0,490,Private,Divorced,Male,Landing,1,>50K
473,30,13,47.4,517,Govt,Divorced,Male,Signup,0,<=50K
474,44,14,31.5,487,Unemployed,Never-married,Male,Purchase,1,>50K
475,64,6,45.5,490,Private,Widowed,Male,Landing,0,<=50K
476,57,11,32.8,516,Private,Divorced,Female,Browse,1,>50K
477,33,11,48.4,513,Unemployed,Divorced,Female,Signup,0,<=50K
478,57,4,47.4,526,Private,Divorced,Male,Browse,0,<=50K
479,26,2,44.0,517,Unemployed,Married,Male,Signup,0,<=50K
480,44,6,37.9,511,Govt,Divorced,Female,AddToCart,0,<=50K
481,34,2,34.7,508,Unemployed,Never-married,Female,Landing,0,<=50K
482,20,14,37.4,545,Govt,Never-married,Female,AddToCart,0,<=50K
483,21,5,47.7,476,Unemployed,Never-married,Male,Landing,0,<=50K
484,57,15,33.2,518,Private,Divorced,Female,Landing,1,>50K
485,18,12,40.5,491,Govt,Married,Male,Landing,0,<=50K
486,31,15,22.5,500,Private,Never-married,Male,AddToCart,0,<=50K
487,25,7,42.6,512,Self-emp,Married,Male,AddToCart,0,<=50K
488,24,3,29.6,506,Unemployed,Widowed,Female,Landing,0,<=50K
489,47,3,26.8,499,Self-emp,Married,Male,Purchase,0,<=50K
490,42,5,45.2,437,Govt,Divorced,Male,Purchase,0,<=50K
491,56,12,42.1,501,Govt,Widowed,Female,Purchase,1,>50K
492,33,5,35.6,477,Self-emp,Married,Female,Landing,0,<=50K
493,28,10,37.0,508,Private,Divorced,Male,Browse,0,<=50K
494,42,11,62.7,497,Govt,Married,Male,Landing,1,>50K
495,50,12,38.1,494,Self-emp,Divorced,Female,Signup,1,>50K
496,65,11,38.0,491,Self-emp,Widowed,Male,Purchase,1,>50K
497,38,5,46.5,483,Govt,Divorced,Female,Browse,0,<=50K
498,27,12,40.9,503,Private,Widowed,Male,AddToCart,0,<=50K
499,26,7,49.9,511,Govt,Divorced,Male,Purchase,0,<=50K
500,18,6,42.8,505,Private,Never-married,Male,Landing,0,<=50K
501,51,7,47.6,538,Private,Married,Female,Browse,0,<=50K
502,48,7,44.4,504,Unemployed,Widowed,Female,Landing,0,<=50K
503,38,15,46.5,488,Private,Married,Male,Signup,1,>50K
504,41,10,39.6,519,Self-emp,Married,Female,Purchase,0,<=50K
505,36,6,42.2,550,Unemployed,Married,Female,Landing,0,<=50K
506,65,12,37.3,465,Govt,Never-married,Male,Browse,1,>50K
507,38,13,46.0,505,Self-emp,Divorced,Female,AddToCart,1,>50K
508,42,3,26.5,536,Self-emp,Never-married,Female,Signup,0,<=50K
509,37,5,47.3,510,Self-emp,Married,Female,Purchase,0,<=50K
510,43,12,50.0,512,Govt,Married,Female,Browse,1,>50K
511,24,6,47.4,484,Self-emp,Never-married,Male,Landing,0,<=50K
512,20,4,39.0,520,Private,Married,Male,Browse,0,<=50K
513,57,14,45.1,517,Unemployed,Never-married,Male,Signup,1,>50K
514,65,15,32.2,484,Unemployed,Married,Female,Landing,1,>50K
515,25,5,48.4,487,Private,Widowed,Male,Purchase,0,<=50K
516,47,8,29.0,518,Unemployed,Widowed,Male,Purchase,0,<=50K
517,28,2,45.9,488,Unemployed,Never-married,Female,AddToCart,0,<=50K
518,25,2,45.3,498,Unemployed,Never-married,Male,AddToCart,0,<=50K
519,54,8,44.1,470,Unemployed,Divorced,Female,Purchase,0,<=50K
520,34,9,35.5,514,Private,Never-married,Female,Landing,0,<=50K
521,25,9,47.6,501,Self-emp,Never-married,Female,Landing,0,<=50K
522,64,14,21.6,490,Govt,Never-married,Male,Purchase,1,>50K
523,61,11,47.8,503,Self-emp,Never-married,Male,Browse,1,>50K
524,47,11,41.9,437,Unemployed,Divorced,Male,Signup,1,>50K
525,60,11,50.5,542,Unemployed,Widowed,Male,Landing,1,>50K
526,60,11,42.0,509,Private,Never-married,Female,Landing,1,>50K
527,33,1,58.4,552,Self-emp,Widowed,Male,AddToCart,0,<=50K
528,21,10,30.6,500,Self-emp,Never-married,Male,Landing,0,<=50K
529,38,14,46.1,514,Govt,Widowed,Female,Signup,1,>50K
530,51,3,31.1,490,Self-emp,Widowed,Male,Landing,0,<=50K
531,57,6,38.7,503,Govt,Married,Male,AddToCart,0,<=50K
532,52,9,47.4,503,Private,Never-married,Male,Browse,0,<=50K
533,30,8,46.3,541,Private,Widowed,Female,Signup,0,<=50K
534,60,8,60.8,509,Unemployed,Never-married,Male,Landing,0,<=50K
535,44,10,36.5,488,Govt,Never-married,Male,Browse,0,<=50K
536,25,2,52.9,486,Govt,Widowed,Male,Landing,0,<=50K
537,58,10,37.5,489,Govt,Divorced,Female,Browse,0,<=50K
538,59,15,33.0,489,Self-emp,Divorced,Female,Purchase,1,>50K
539,46,7,23.8,533,Private,Never-married,Male,Signup,0,<=50K
540,33,6,41.6,506,Govt,Never-married,Female,AddToCart,0,<=50K
541,60,16,34.8,484,Private,Married,Male,Signup,1,>50K
542,63,9,48.5,490,Govt,Divorced,Male,Browse,0,<=50K
543,22,14,34.7,491,Private,Never-married,Male,Browse,0,<=50K
544,54,9,35.2,502,Self-emp,Divorced,Female,Signup,0,<=50K
545,57,13,43.5,487,Unemployed,Married,Female,Landing,1,>50K
546,57,5,57.2,499,Unemployed,Never-married,Female,Browse,0,<=50K
547,59,1,29.1,486,Self-emp,Married,Male,Purchase,0,<=50K
548,27,11,50.2,468,Govt,Divorced,Female,Signup,0,<=50K
549,32,2,48.7,472,Govt,Divorced,Female,Landing,0,<=50K
550,38,13,37.8,516,Unemployed,Widowed,Female,Signup,1,>50K
551,51,5,46.8,521,Self-emp,Divorced,Male,Browse,0,<=50K
552,39,16,37.2,528,Unemployed,Divorced,Female,Signup,1,>50K
553,39,2,63.7,483,Unemployed,Widowed,Male,Signup,0,<=50K
554,26,13,38.9,499,Self-emp,Divorced,Female,Purchase,0,<=50K
555,43,15,40.8,522,Unemployed,Married,Female,Browse,1,>50K
556,30,4,36.7,496,Self-emp,Married,Male,Purchase,0,<=50K
557,35,16,23.1,467,Private,Married,Female,Purchase,0,<=50K
558,18,8,37.4,493,Self-emp,Never-married,Male,Browse,0,<=50K
559,40,4,42.3,528,Unemployed,Never-married,Female,Landing,0,<=50K
560,50,5,55.0,472,Self-emp,Never-married,Female,Browse,0,<=50K
561,64,11,44.9,497,Self-emp,Married,Female,Landing,1,>50K
562,48,12,38.1,469,Unemployed,Divorced,Male,AddToCart,1,>50K
563,38,11,40.6,507,Unemployed,Divorced,Male,Landing,1,>50K
564,40,9,43.3,474,Private,Divorced,Female,Signup,0,<=50K
565,33,10,36.2,538,Self-emp,Married,Male,AddToCart,0,<=50K
566,44,7,46.8,518,Govt,Widowed,Male,Purchase,0,<=50K
567,54,13,56.3,546,Unemployed,Married,Female,Purchase,1,>50K
568,55,12,36.4,519,Self-emp,Widowed,Female,Landing,1,>50K
569,31,6,52.1,491,Private,Married,Male,Purchase,0,<=50K
570,54,11,48.8,512,Unemployed,Divorced,Male,Signup,1,>50K
571,64,8,45.4,522,Self-emp,Married,Female,Landing,0,<=50K
572,24,5,41.1,518,Unemployed,Divorced,Female,Purchase,0,<=50K
573,29,9,43.4,462,Govt,Divorced,Female,Purchase,0,<=50K
574,45,9,37.8,523,Self-emp,Married,Female,Browse,0,<=50K
575,20,4,58.4,451,Self-emp,Divorced,Male,Browse,0,<=50K
576,39,15,32.8,535,Self-emp,Divorced,Male,Signup,1,>50K
577,38,13,51.3,510,Self-emp,Married,Male,Landing,1,>50K
578,46,5,55.5,518,Private,Never-married,Male,Browse,0,<=50K
579,37,6,36.8,462,Govt,Widowed,Female,Signup,0,<=50K
580,20,7,51.7,513,Govt,Divorced,Female,Purchase,0,<=50K
581,44,5,41.4,469,Unemployed,Married,Male,Browse,0,<=50K
582,38,15,40.6,510,Private,Divorced,Male,AddToCart,1,>50K
583,58,1,39.3,504,Govt,Married,Male,Purchase,0,<=50K
584,50,16,23.9,450,Self-emp,Widowed,Female,Landing,1,>50K
585,47,1,45.5,567,Private,Married,Female,Browse,0,<=50K
586,65,10,54.4,530,Self-emp,Divorced,Male,Purchase,0,<=50K
587,56,1,33.0,494,Unemployed,Never-married,Female,Purchase,0,<=50K
588,58,1,48.5,516,Self-emp,Widowed,Female,Signup,0,<=50K
589,26,2,39.1,511,Govt,Widowed,Female,Browse,0,<=50K
590,65,5,29.1,497,Unemployed,Never-married,Female,Browse,0,<=50K
591,55,8,50.0,489,Govt,Widowed,Female,AddToCart,0,<=50K
592,40,1,56.9,483,Unemployed,Divorced,Male,AddToCart,0,<=50K
593,40,2,32.1,484,Self-emp,Widowed,Female,AddToCart,0,<=50K
594,18,13,42.2,505,Self-emp,Never-married,Male,AddToCart,0,<=50K
595,38,14,25.6,478,Private,Widowed,Male,Signup,1,>50K
596,49,3,39.6,530,Private,Widowed,Female,Browse,0,<=50K
597,62,10,44.9,495,Private,Widowed,Female,AddToCart,0,<=50K
598,43,10,57.5,530,Self-emp,Married,Female,Signup,0,<=50K
599,50,8,55.6,515,Self-emp,Divorced,Male,Signup,0,<=50K
600,26,13,56.4,482,Unemployed,Never-married,Female,Browse,0,<=50K
601,34,12,34.7,466,Self-emp,Divorced,Female,Landing,0,<=50K
602,23,3,37.5,507,Govt,Married,Male,Signup,0,<=50K
603,63,9,23.4,535,Self-emp,Widowed,Male,Browse,0,<=50K
604,24,4,32.8,458,Self-emp,Married,Male,Landing,0,<=50K
605,24,5,25.5,488,Self-emp,Never-married,Female,Landing,0,<=50K
606,54,5,43.7,504,Govt,Never-married,Male,Landing,0,<=50K
607,22,5,33.0,498,Private,Divorced,Female,AddToCart,0,<=50K
608,50,12,29.0,508,Self-emp,Widowed,Female,Landing,1,>50K
609,27,13,36.4,489,Self-emp,Widowed,Male,Landing,0,<=50K
610,34,11,28.2,526,Self-emp,Widowed,Male,AddToCart,0,<=50K
611,57,12,43.1,511,Govt,Divorced,Male,Purchase,1,>50K
612,45,14,42.8,561,Self-emp,Never-married,Male,Signup,1,>50K
613,64,11,36.8,501,Private,Never-married,Male,Purchase,1,>50K
614,63,6,32.7,490,Govt,Divorced,Male,Signup,0,<=50K
615,39,6,26.6,494,Private,Never-married,Female,AddToCart,0,<=50K
616,38,3,45.6,522,Private,Never-married,Female,Browse,0,<=50K
617,64,5,42.3,496,Self-emp,Never-married,Male,Browse,0,<=50K
618,49,11,44.6,502,Self-emp,Divorced,Male,Signup,1,>50K
619,49,12,36.9,468,Govt,Widowed,Male,AddToCart,1,>50K
620,53,13,37.8,493,Unemployed,Married,Male,Signup,1,>50K
621,48,1,54.4,469,Unemployed,Widowed,Male,Browse,0,<=50K
622,23,10,34.0,482,Unemployed,Married,Female,Browse,0,<=50K
623,38,15,36.9,523,Unemployed,Divorced,Male,Signup,1,>50K
624,52,1,47.4,498,Private,Married,Male,AddToCart,0,<=50K
625,31,16,43.0,465,Unemployed,Widowed,Female,Signup,0,<=50K
626,40,12,19.5,546,Govt,Never-married,Female,Signup,1,>50K
627,59,13,23.1,515,Private,Never-married,Female,Browse,1,>50K
628,41,4,33.4,503,Self-emp,Never-married,Female,Purchase,0,<=50K
629,47,7,49.1,528,Unemployed,Widowed,Female,Signup,0,<=50K
630,27,8,46.7,547,Unemployed,Never-married,Female,Signup,0,<=50K
631,22,13,45.2,503,Unemployed,Never-married,Female,Signup,0,<=50K
632,59,8,46.3,467,Unemployed,Widowed,Male,Landing,0,<=50K
633,47,14,30.3,445,Govt,Married,Male,AddToCart,1,>50K
634,24,8,46.0,499,Govt,Never-married,Male,Signup,0,<=50K
635,23,10,30.8,543,Private,Married,Male,Landing,0,<=50K
636,25,11,49.5,514,Self-emp,Widowed,Male,Browse,0,<=50K
637,43,3,34.9,449,Unemployed,Divorced,Female,Landing,0,<=50K
638,35,11,42.8,478,Self-emp,Never-married,Male,Browse,0,<=50K
639,53,15,21.3,494,Unemployed,Widowed,Male,Signup,1,>50K
640,43,14,26.5,507,Private,Married,Female,Browse,1,>50K
641,53,2,50.9,463,Govt,Widowed,Female,Landing,0,<=50K
642,58,6,46.9,521,Self-emp,Married,Female,Browse,0,<=50K
643,21,4,27.8,506,Self-emp,Never-married,Female,Landing,0,<=50K
644,30,1,52.9,477,Private,Married,Female,Purchase,0,<=50K
645,41,1,29.1,513,Unemployed,Widowed,Male,Purchase,0,<=50K
646,48,1,40.2,515,Unemployed,Widowed,Female,Signup,0,<=50K
647,39,8,35.2,503,Self-emp,Divorced,Female,Signup,0,<=50K
648,57,2,30.8,507,Self-emp,Divorced,Male,Purchase,0,<=50K
649,35,12,51.7,512,Govt,Married,Male,Landing,0,<=50K
650,51,15,56.8,516,Private,Widowed,Female,Browse,1,>50K
651,40,4,41.8,499,Unemployed,Divorced,Male,Browse,0,<=50K
652,56,4,55.3,488,Private,Divorced,Male,Signup,0,<=50K
653,64,16,37.2,505,Private,Divorced,Male,Browse,1,>50K
654,54,7,41.1,503,Unemployed,Divorced,Male,Browse,0,<=50K
655,64,1,41.3,480,Unemployed,Never-married,Male,Purchase,0,<=50K
656,18,9,28.4,477,Self-emp,Married,Male,Browse,0,<=50K
657,59,15,45.0,510,Unemployed,Married,Female,Purchase,1,>50K
658,37,1,47.1,438,Govt,Widowed,Male,Browse,0,<=50K
659,64,9,38.3,514,Unemployed,Never-married,Male,Browse,0,<=50K
660,42,10,23.1,502,Private,Married,Male,Purchase,0,<=50K
661,23,1,43.7,482,Unemployed,Never-married,Female,AddToCart,0,<=50K
662,47,16,24.8,545,Govt,Never-married,Male,Purchase,1,>50K
663,37,12,31.9,510,Unemployed,Widowed,Female,Browse,1,>50K
664,26,14,41.3,469,Unemployed,Never-married,Female,Landing,0,<=50K
665,65,4,32.3,485,Unemployed,Divorced,Male,Purchase,0,<=50K
666,35,14,42.5,540,Govt,Married,Female,Browse,0,<=50K
667,57,12,37.7,486,Unemployed,Divorced,Female,Purchase,1,>50K
668,20,13,23.7,497,Self-emp,Never-married,Female,Signup,0,<=50K
669,53,12,41.7,475,Private,Divorced,Male,AddToCart,1,>50K
670,23,8,45.9,502,Govt,Divorced,Female,Signup,0,<=50K
671,61,2,50.1,488,Self-emp,Divorced,Female,Landing,0,<=50K
672,55,10,36.3,521,Private,Never-married,Male,Landing,0,<=50K
673,18,6,39.4,501,Govt,Widowed,Male,Signup,0,<=50K
674,36,7,25.0,530,Unemployed,Married,Female,Browse,0,<=50K
675,55,1,59.6,521,Self-emp,Widowed,Male,AddToCart,0,<=50K
676,45,15,55.1,465,Self-emp,Married,Female,Purchase,1,>50K
677,64,12,39.7,493,Self-emp,Never-married,Male,Landing,1,>50K
678,26,4,38.8,505,Unemployed,Never-married,Female,AddToCart,0,<=50K
679,64,14,10.7,475,Unemployed,Widowed,Female,Signup,1,>50K
680,27,14,50.4,503,Self-emp,Divorced,Male,Signup,0,<=50K
681,41,12,45.6,513,Unemployed,Married,Male,Browse,1,>50K
682,43,7,48.1,507,Unemployed,Never-married,Female,AddToCart,0,<=50K
683,25,10,35.9,522,Self-emp,Never-married,Female,Landing,0,<=50K
684,22,10,35.3,484,Govt,Never-married,Male,Signup,0,<=50K
685,30,12,27.6,474,Unemployed,Divorced,Male,Signup,0,<=50K
686,39,1,47.8,512,Self-emp,Divorced,Female,Browse,0,<=50K
687,51,6,52.5,490,Unemployed,Married,Male,AddToCart,0,<=50K
688,42,7,51.2,544,Self-emp,Divorced,Female,Browse,0,<=50K
689,40,9,41.9,458,Private,Married,Male,Landing,0,<=50K
690,58,8,36.7,492,Self-emp,Never-married,Male,Signup,0,<=50K
691,65,2,29.5,516,Private,Widowed,Male,Browse,0,<=50K
692,38,13,33.0,463,Private,Divorced,Female,Signup,1,>50K
693,20,4,44.7,508,Self-emp,Divorced,Female,Landing,0,<=50K
694,25,15,37.2,509,Govt,Widowed,Female,Signup,0,<=50K
695,63,2,56.4,518,Private,Divorced,Male,Signup,0,<=50K
696,56,12,51.5,495,Unemployed,Never-married,Male,Signup,1,>50K
697,56,10,34.0,479,Private,Widowed,Female,AddToCart,0,<=50K
698,39,2,27.8,528,Private,Never-married,Male,AddToCart,0,<=50K
699,62,11,34.5,469,Unemployed,Divorced,Female,Landing,1,>50K
700,28,13,50.7,515,Private,Never-married,Female,Signup,0,<=50K
701,40,7,34.8,538,Private,Never-married,Female,Signup,0,<=50K
702,33,10,45.5,482,Self-emp,Widowed,Female,Signup,0,<=50K
703,45,11,34.3,562,Govt,Never-married,Male,Landing,1,>50K
704,52,2,43.4,502,Unemployed,Widowed,Female,Landing,0,<=50K
705,59,3,45.3,506,Unemployed,Married,Male,Browse,0,<=50K
706,46,14,49.9,499,Govt,Widowed,Female,Purchase,1,>50K
707,55,11,54.3,478,Unemployed,Widowed,Male,AddToCart,1,>50K
708,23,16,53.1,529,Private,Divorced,Male,Purchase,0,<=50K
709,31,7,34.7,547,Self-emp,Divorced,Female,Purchase,0,<=50K
710,46,13,38.5,505,Private,Widowed,Male,Signup,1,>50K
711,45,4,28.3,485,Self-emp,Married,Male,AddToCart,0,<=50K
712,27,12,37.6,479,Govt,Divorced,Male,AddToCart,0,<=50K
713,63,7,40.2,473,Govt,Widowed,Male,Signup,0,<=50K
714,64,3,36.0,467,Unemployed,Never-married,Female,Signup,0,<=50K
715,21,2,35.0,512,Govt,Married,Male,Purchase,0,<=50K
716,41,5,50.3,537,Self-emp,Divorced,Male,Landing,0,<=50K
717,19,7,49.1,468,Private,Never-married,Male,Signup,0,<=50K
718,63,13,44.0,513,Unemployed,Widowed,Female,Purchase,1,>50K
719,46,14,27.2,468,Govt,Divorced,Male,Landing,1,>50K
720,42,13,42.0,516,Private,Never-married,Female,Landing,1,>50K
721,48,16,36.2,521,Private,Widowed,Male,Signup,1,>50K
722,64,2,53.2,506,Unemployed,Never-married,Male,Landing,0,<=50K
723,63,4,22.0,492,Govt,Never-married,Male,Browse,0,<=50K
724,32,13,34.4,469,Private,Never-married,Female,Browse,0,<=50K
725,55,8,34.1,511,Private,Never-married,Male,AddToCart,0,<=50K
726,50,4,35.3,458,Private,Divorced,Male,Purchase,0,<=50K
727,25,6,49.6,498,Unemployed,Widowed,Female,Landing,0,<=50K
728,57,8,16.5,476,Self-emp,Never-married,Male,Browse,0,<=50K
729,33,12,37.9,540,Unemployed,Married,Male,AddToCart,0,<=50K
730,55,2,48.5,530,Self-emp,Widowed,Male,Browse,0,<=50K
731,61,8,49.8,493,Govt,Widowed,Male,Landing,0,<=50K
732,58,1,34.5,478,Govt,Never-married,Female,Browse,0,<=50K
733,51,4,33.2,479,Self-emp,Divorced,Male,Landing,0,<=50K
734,23,13,43.5,539,Self-emp,Never-married,Female,Purchase,0,<=50K
735,56,6,41.5,507,Unemployed,Widowed,Male,Purchase,0,<=50K
736,57,2,40.7,517,Private,Widowed,Female,Browse,0,<=50K
737,40,8,2.0,516,Govt,Married,Male,Browse,0,<=50K
738,38,10,28.7,486,Unemployed,Widowed,Male,Landing,0,<=50K
739,52,2,31.4,507,Govt,Widowed,Female,AddToCart,0,<=50K
740,64,15,46.4,501,Self-emp,Divorced,Female,AddToCart,1,>50K
741,46,5,25.6,518,Self-emp,Married,Male,Signup,0,<=50K
742,52,16,29.5,504,Unemployed,Divorced,Male,Browse,1,>50K
743,19,16,38.5,519,Self-emp,Widowed,Male,Landing,0,<=50K
744,50,14,27.1,474,Unemployed,Married,Female,Purchase,1,>50K
745,43,11,46.4,548,Unemployed,Widowed,Male,Landing,1,>50K
746,61,10,36.1,478,Private,Divorced,Female,AddToCart,0,<=50K
747,49,12,58.3,477,Private,Married,Male,AddToCart,1,>50K
748,35,10,33.7,515,Private,Never-married,Female,AddToCart,0,<=50K
749,51,15,34.2,513,Self-emp,Divorced,Male,AddToCart,1,>50K
750,47,14,48.0,501,Govt,Married,Male,Purchase,1,>50K
751,61,15,33.4,531,Govt,Divorced,Female,Signup,1,>50K
752,40,7,55.1,518,Private,Widowed,Female,Landing,0,<=50K
753,65,14,44.8,468,Private,Divorced,Female,Landing,1,>50K
754,37,8,37.0,512,Govt,Widowed,Female,Landing,0,<=50K
755,63,3,38.4,507,Self-emp,Married,Female,Signup,0,<=50K
756,40,4,68.5,504,Private,Divorced,Male,Landing,0,<=50K
757,57,15,44.9,509,Self-emp,Never-married,Male,AddToCart,1,>50K
758,25,12,41.5,449,Self-emp,Married,Male,Signup,0,<=50K
759,31,4,38.7,487,Self-emp,Married,Male,AddToCart,0,<=50K
760,40,2,50.4,495,Govt,Widowed,Female,Browse,0,<=50K
761,63,10,24.8,503,Govt,Divorced,Female,Purchase,0,<=50K
762,31,12,38.2,479,Self-emp,Widowed,Female,AddToCart,0,<=50K
763,19,6,11.7,509,Unemployed,Divorced,Female,Signup,0,<=50K
764,21,11,34.7,471,Govt,Widowed,Female,AddToCart,0,<=50K
765,41,16,48.5,520,Unemployed,Divorced,Male,Purchase,1,>50K
766,53,1,53.8,467,Self-emp,Married,Male,Browse,0,<=50K
767,26,12,46.1,534,Govt,Divorced,Male,AddToCart,0,<=50K
768,33,11,46.4,519,Self-emp,Widowed,Male,Landing,0,<=50K
769,49,11,22.8,508,Govt,Never-married,Female,Browse,1,>50K
770,49,7,33.2,501,Private,Widowed,Female,AddToCart,0,<=50K
771,44,11,54.7,501,Private,Married,Female,Browse,1,>50K
772,32,4,34.8,480,Unemployed,Married,Female,Signup,0,<=50K
773,21,14,38.6,505,Self-emp,Widowed,Female,Purchase,0,<=50K
774,53,15,31.9,487,Unemployed,Divorced,Male,Signup,1,>50K
775,42,8,30.7,462,Self-emp,Widowed,Female,Browse,0,<=50K
776,32,16,35.3,490,Self-emp,Never-married,Female,Landing,0,<=50K
777,29,4,33.4,495,Self-emp,Never-married,Male,AddToCart,0,<=50K
778,24,7,49.6,497,Private,Never-married,Female,Signup,0,<=50K
779,53,1,42.2,502,Unemployed,Widowed,Female,Signup,0,<=50K
780,41,3,50.2,513,Private,Widowed,Female,Purchase,0,<=50K
781,23,16,26.1,543,Private,Widowed,Male,Signup,0,<=50K
782,65,15,52.3,554,Private,Widowed,Female,Landing,1,>50K
783,58,2,40.2,487,Private,Divorced,Male,Signup,0,<=50K
784,62,5,58.4,501,Private,Divorced,Male,AddToCart,0,<=50K
785,48,5,39.5,525,Self-emp,Married,Female,Landing,0,<=50K
786,38,3,25.1,452,Private,Married,Female,AddToCart,0,<=50K
787,28,13,52.8,512,Self-emp,Married,Female,Browse,0,<=50K
788,33,13,38.6,467,Govt,Divorced,Male,Browse,0,<=50K
789,31,12,18.5,489,Govt,Married,Male,Browse,0,<=50K
790,42,12,41.5,518,Govt,Widowed,Female,Signup,1,>50K
791,31,9,42.3,491,Govt,Married,Male,Landing,0,<=50K
792,55,11,50.8,474,Self-emp,Never-married,Female,Landing,1,>50K
793,35,13,4.1,485,Unemployed,Never-married,Female,Landing,0,<=50K
794,31,16,51.5,513,Unemployed,Widowed,Male,Purchase,0,<=50K
795,41,12,35.3,469,Private,Widowed,Female,Browse,1,>50K
796,25,5,59.3,527,Unemployed,Divorced,Female,Signup,0,<=50K
797,62,13,22.8,487,Unemployed,Married,Female,Purchase,1,>50K
798,42,10,45.5,493,Private,Never-married,Male,Purchase,0,<=50K
799,51,6,44.1,504,Unemployed,Divorced,Male,Browse,0,<=50K
800,62,3,35.8,507,Private,Divorced,Female,Browse,0,<=50K
801,61,12,32.3,504,Self-emp,Never-married,Male,Browse,1,>50K
802,45,12,36.3,491,Private,Divorced,Female,Browse,1,>50K
803,41,16,36.5,499,Self-emp,Divorced,Male,Signup,1,>50K
804,35,2,27.5,535,Govt,Divorced,Male,AddToCart,0,<=50K
805,51,7,49.9,516,Unemployed,Divorced,Male,Landing,0,<=50K
806,59,12,29.1,466,Govt,Never-married,Female,AddToCart,1,>50K
807,20,10,50.2,495,Self-emp,Widowed,Male,Browse,0,<=50K
808,29,3,22.1,521,Govt,Married,Male,Purchase,0,<=50K
809,53,9,38.2,500,Unemployed,Married,Female,Browse,0,<=50K
810,22,5,38.4,513,Self-emp,Widowed,Male,Browse,0,<=50K
811,36,1,39.8,498,Govt,Divorced,Male,Landing,0,<=50K
812,29,2,49.6,493,Self-emp,Never-married,Male,Signup,0,<=50K
813,44,5,38.0,452,Govt,Divorced,Male,AddToCart,0,<=50K
814,34,13,35.4,507,Self-emp,Never-married,Male,Browse,0,<=50K
815,60,11,38.0,533,Self-emp,Divorced,Female,AddToCart,1,>50K
816,45,5,49.8,528,Govt,Widowed,Female,Purchase,0,<=50K
817,57,5,27.9,523,Self-emp,Widowed,Male,Signup,0,<=50K
818,39,2,29.8,465,Unemployed,Divorced,Male,Landing,0,<=50K
819,27,2,20.4,545,Govt,Married,Female,Signup,0,<=50K
820,58,10,60.3,516,Unemployed,Widowed,Male,Signup,0,<=50K
821,23,5,28.4,513,Private,Widowed,Female,Landing,0,<=50K
822,34,11,21.1,534,Govt,Widowed,Female,Purchase,0,<=50K
823,29,16,31.9,491,Govt,Never-married,Male,Signup,0,<=50K
824,23,10,33.9,530,Private,Widowed,Male,Purchase,0,<=50K
825,60,7,54.7,465,Private,Never-married,Female,AddToCart,0,<=50K
826,39,13,35.4,476,Govt,Widowed,Male,Signup,1,>50K
827,33,2,42.9,481,Private,Married,Male,Landing,0,<=50K
828,21,7,22.1,517,Govt,Married,Female,Signup,0,<=50K
829,42,8,42.1,521,Govt,Never-married,Female,Signup,0,<=50K
830,50,3,23.5,488,Private,Never-married,Female,Signup,0,<=50K
831,18,5,36.9,526,Unemployed,Widowed,Male,Browse,0,<=50K
832,32,10,32.4,475,Self-emp,Married,Female,Browse,0,<=50K
833,34,3,40.6,498,Self-emp,Divorced,Female,Landing,0,<=50K
834,60,15,46.3,507,Govt,Widowed,Male,Browse,1,>50K
835,36,15,26.6,518,Private,Never-married,Male,Browse,1,>50K
836,36,10,28.6,510,Private,Widowed,Female,Landing,0,<=50K
837,37,15,41.9,463,Self-emp,Divorced,Female,Landing,1,>50K
838,18,9,46.9,530,Self-emp,Never-married,Male,Browse,0,<=50K
839,40,5,54.2,499,Govt,Divorced,Male,Browse,0,<=50K
840,33,16,35.3,472,Govt,Married,Female,Landing,0,<=50K
841,41,8,25.1,503,Unemployed,Married,Male,Browse,0,<=50K
842,37,4,41.9,484,Govt,Never-married,Female,Signup,0,<=50K
843,32,14,32.1,474,Private,Divorced,Female,AddToCart,0,<=50K
844,41,13,30.8,469,Unemployed,Never-married,Female,Signup,1,>50K
845,54,1,54.1,491,Self-emp,Married,Female,AddToCart,0,<=50K
846,58,4,46.2,497,Unemployed,Married,Female,Landing,0,<=50K
847,50,12,32.7,512,Govt,Divorced,Male,AddToCart,1,>50K
848,49,7,39.8,515,Private,Never-married,Male,Browse,0,<=50K
849,48,8,39.1,515,Unemployed,Married,Male,Browse,0,<=50K
850,32,2,41.7,483,Govt,Divorced,Female,Signup,0,<=50K
851,18,4,35.9,472,Private,Never-married,Female,Purchase,0,<=50K
852,29,5,21.0,513,Unemployed,Widowed,Female,Browse,0,<=50K
853,52,14,30.2,506,Self-emp,Married,Male,Signup,1,>50K
854,54,7,34.7,496,Govt,Widowed,Female,AddToCart,0,<=50K
855,65,14,40.3,501,Govt,Divorced,Female,AddToCart,1,>50K
856,47,15,29.2,518,Self-emp,Divorced,Female,Landing,1,>50K
857,43,11,41.9,529,Private,Divorced,Male,Landing,1,>50K
858,28,1,36.2,525,Self-emp,Married,Male,AddToCart,0,<=50K
859,49,10,32.4,483,Self-emp,Never-married,Male,Signup,0,<=50K
860,19,3,27.3,511,Govt,Widowed,Female,Signup,0,<=50K
861,27,14,44.5,528,Govt,Widowed,Male,Signup,0,<=50K
862,63,7,44.2,481,Unemployed,Married,Male,AddToCart,0,<=50K
863,39,4,48.0,498,Govt,Never-married,Female,Signup,0,<=50K
864,26,8,45.5,459,Private,Widowed,Female,Signup,0,<=50K
865,47,10,46.2,488,Self-emp,Widowed,Male,Browse,0,<=50K
866,42,10,43.8,509,Unemployed,Divorced,Male,Purchase,0,<=50K
867,38,15,22.4,483,Unemployed,Divorced,Male,Browse,1,>50K
868,35,7,37.2,495,Private,Married,Female,AddToCart,0,<=50K
869,37,15,25.7,506,Self-emp,Divorced,Female,AddToCart,1,>50K
870,57,1,53.7,464,Govt,Married,Male,Landing,0,<=50K
871,33,9,39.9,498,Private,Widowed,Female,Browse,0,<=50K
872,56,2,52.7,504,Govt,Never-married,Female,AddToCart,0,<=50K
873,52,10,29.7,522,Unemployed,Widowed,Male,Landing,0,<=50K
874,46,12,39.1,494,Govt,Never-married,Female,Signup,1,>50K
875,63,4,42.6,495,Self-emp,Widowed,Female,Landing,0,<=50K
876,47,14,36.7,480,Unemployed,Divorced,Female,Signup,1,>50K
877,65,7,41.9,510,Private,Married,Male,Landing,0,<=50K
878,20,5,54.8,540,Govt,Divorced,Male,AddToCart,0,<=50K
879,49,6,29.7,503,Unemployed,Divorced,Female,AddToCart,0,<=50K
880,31,2,13.6,489,Private,Married,Male,AddToCart,0,<=50K
881,43,16,56.0,484,Unemployed,Never-married,Male,AddToCart,1,>50K
882,22,14,32.1,534,Private,Never-married,Male,Landing,0,<=50K
883,45,12,51.2,521,Self-emp,Widowed,Male,Signup,1,>50K
884,25,9,46.5,541,Unemployed,Divorced,Male,Landing,0,<=50K
885,62,6,37.8,483,Govt,Divorced,Female,Signup,0,<=50K
886,65,13,43.8,439,Unemployed,Married,Male,Purchase,1,>50K
887,50,16,28.6,495,Unemployed,Widowed,Female,Landing,1,>50K
888,53,7,40.9,435,Unemployed,Never-married,Female,AddToCart,0,<=50K
889,30,3,45.9,469,Unemployed,Married,Male,Signup,0,<=50K
890,37,5,32.3,484,Self-emp,Married,Male,Landing,0,<=50K
891,35,7,36.2,514,Self-emp,Divorced,Male,Signup,0,<=50K
892,37,9,43.1,493,Unemployed,Divorced,Male,Landing,0,<=50K
893,60,15,53.2,505,Private,Married,Male,Landing,1,>50K
894,50,2,40.0,495,Unemployed,Widowed,Female,Purchase,0,<=50K
895,38,8,35.7,523,Private,Married,Female,Signup,0,<=50K
896,63,11,38.5,486,Govt,Married,Female,AddToCart,1,>50K
897,41,5,51.6,513,Self-emp,Married,Female,Landing,0,<=50K
898,45,12,33.6,535,Private,Widowed,Female,Landing,1,>50K
899,22,10,37.0,456,Govt,Divorced,Male,Browse,0,<=50K
900,47,10,33.7,518,Govt,Married,Female,Browse,0,<=50K
901,60,13,38.0,467,Govt,Divorced,Male,Browse,1,>50K
902,41,3,42.1,453,Govt,Married,Male,Purchase,0,<=50K
903,56,11,50.3,508,Private,Divorced,Male,Landing,1,>50K
904,31,12,18.8,511,Private,Never-married,Female,Signup,0,<=50K
905,53,1,45.6,514,Private,Never-married,Female,Browse,0,<=50K
906,53,1,31.1,486,Private,Widowed,Male,Landing,0,<=50K
907,43,16,45.9,477,Unemployed,Never-married,Female,Browse,1,>50K
908,30,4,52.4,494,Private,Widowed,Male,Browse,0,<=50K
909,57,11,50.0,485,Self-emp,Widowed,Female,Signup,1,>50K
910,38,12,41.6,482,Private,Married,Male,AddToCart,1,>50K
911,43,5,48.3,469,Self-emp,Widowed,Female,AddToCart,0,<=50K
912,51,14,30.6,544,Unemployed,Married,Female,Signup,1,>50K
913,57,14,39.3,523,Self-emp,Never-married,Female,Signup,1,>50K
914,31,14,55.2,514,Self-emp,Never-married,Male,Landing,0,<=50K
915,38,10,32.1,504,Unemployed,Divorced,Male,Purchase,0,<=50K
916,60,13,42.0,550,Private,Never-married,Male,Landing,1,>50K
917,64,14,36.3,465,Unemployed,Married,Female,Landing,1,>50K
918,36,5,38.0,512,Private,Widowed,Female,Browse,0,<=50K
919,29,3,44.1,519,Self-emp,Divorced,Female,AddToCart,0,<=50K
920,53,2,37.3,471,Private,Married,Female,Landing,0,<=50K
921,47,9,40.0,550,Private,Married,Male,Signup,0,<=50K
922,61,3,35.0,485,Private,Divorced,Female,Purchase,0,<=50K
923,50,11,21.7,480,Self-emp,Widowed,Female,Browse,1,>50K
924,61,7,41.9,456,Self-emp,Widowed,Female,Landing,0,<=50K
925,40,14,44.4,505,Private,Never-married,Male,Landing,1,>50K
926,58,16,53.8,493,Govt,Married,Female,AddToCart,1,>50K
927,30,5,38.7,491,Govt,Divorced,Male,Signup,0,<=50K
928,45,10,26.1,504,Private,Divorced,Female,Browse,0,<=50K
929,45,5,32.5,490,Unemployed,Divorced,Male,AddToCart,0,<=50K
930,36,13,45.4,512,Unemployed,Married,Female,Landing,1,>50K
931,54,16,39.2,456,Private,Divorced,Male,AddToCart,1,>50K
932,48,14,42.8,523,Self-emp,Divorced,Male,Landing,1,>50K
933,59,16,36.5,523,Unemployed,Divorced,Male,Landing,1,>50K
934,56,7,58.7,518,Unemployed,Never-married,Male,Purchase,0,<=50K
935,34,10,57.3,462,Private,Married,Male,Landing,0,<=50K
936,45,15,30.7,494,Self-emp,Divorced,Female,Browse,1,>50K
937,21,8,49.1,472,Private,Divorced,Female,Landing,0,<=50K
938,23,11,43.0,496,Private,Divorced,Female,Browse,0,<=50K
939,36,1,40.1,546,Self-emp,Married,Male,Purchase,0,<=50K
940,40,8,31.4,476,Govt,Married,Male,AddToCart,0,<=50K
941,57,3,56.2,525,Self-emp,Married,Female,AddToCart,0,<=50K
942,62,11,51.7,500,Unemployed,Widowed,Female,Browse,1,>50K
943,59,7,25.4,484,Unemployed,Widowed,Female,Purchase,0,<=50K
944,23,3,53.8,510,Self-emp,Divorced,Male,Landing,0,<=50K
945,41,2,39.6,486,Private,Married,Female,Browse,0,<=50K
946,39,3,34.0,537,Govt,Widowed,Female,Purchase,0,<=50K
947,38,7,30.2,501,Govt,Widowed,Female,Landing,0,<=50K
948,31,2,49.4,492,Unemployed,Married,Female,Signup,0,<=50K
949,41,15,44.0,488,Unemployed,Married,Female,AddToCart,1,>50K
950,42,15,31.3,469,Self-emp,Widowed,Female,AddToCart,1,>50K
951,34,15,31.9,483,Unemployed,Never-married,Male,Browse,0,<=50K
952,63,10,36.1,487,Govt,Divorced,Female,Landing,0,<=50K
953,52,9,34.9,530,Unemployed,Never-married,Male,Signup,0,<=50K
954,34,13,45.3,473,Private,Never-married,Male,Browse,0,<=50K
955,45,10,43.8,498,Private,Widowed,Male,AddToCart,0,<=50K
956,19,1,33.6,495,Private,Divorced,Male,AddToCart,0,<=50K
957,51,13,23.4,511,Unemployed,Widowed,Female,Browse,1,>50K
958,18,2,26.7,497,Unemployed,Divorced,Female,Browse,0,<=50K
959,64,12,48.7,474,Unemployed,Married,Female,Signup,1,>50K
960,20,6,30.1,525,Self-emp,Widowed,Male,AddToCart,0,<=50K
961,39,5,41.1,499,Unemployed,Married,Female,Signup,0,<=50K
962,59,13,22.4,505,Unemployed,Never-married,Male,Browse,1,>50K
963,21,11,44.0,497,Self-emp,Widowed,Male,Landing,0,<=50K
964,32,16,59.2,506,Self-emp,Divorced,Male,Landing,0,<=50K
965,53,13,26.7,514,Private,Divorced,Female,Signup,1,>50K
966,56,7,45.5,481,Govt,Never-married,Male,Signup,0,<=50K
967,29,4,42.7,502,Private,Never-married,Male,Browse,0,<=50K
968,54,9,49.2,505,Govt,Never-married,Male,Landing,0,<=50K
969,65,8,38.7,536,Govt,Divorced,Male,Browse,0,<=50K
970,58,3,42.7,466,Private,Widowed,Male,Browse,0,<=50K
971,24,1,41.8,528,Unemployed,Widowed,Female,Signup,0,<=50K
972,48,14,45.7,526,Private,Divorced,Male,Browse,1,>50K
973,22,2,31.6,500,Unemployed,Married,Male,Signup,0,<=50K
974,44,5,41.9,525,Self-emp,Married,Male,Signup,0,<=50K
975,42,1,48.1,515,Govt,Widowed,Female,AddToCart,0,<=50K
976,34,7,51.7,487,Unemployed,Married,Female,Signup,0,<=50K
977,45,11,45.0,524,Govt,Never-married,Male,Landing,1,>50K
978,44,15,28.7,494,Govt,Married,Female,AddToCart,1,>50K
979,43,9,24.5,539,Self-emp,Never-married,Male,Signup,0,<=50K
980,46,16,44.1,483,Unemployed,Married,Male,Signup,1,>50K
981,44,16,29.9,516,Private,Married,Male,Signup,1,>50K
982,34,9,48.4,509,Self-emp,Never-married,Female,Signup,0,<=50K
983,55,8,37.1,497,Unemployed,Widowed,Female,AddToCart,0,<=50K
984,33,14,50.1,489,Private,Divorced,Male,Landing,0,<=50K
985,26,1,61.3,508,Unemployed,Married,Female,Browse,0,<=50K
986,49,2,39.4,486,Govt,Married,Male,Landing,0,<=50K
987,18,6,38.8,501,Self-emp,Widowed,Female,Landing,0,<=50K
988,26,6,50.1,498,Self-emp,Married,Male,Browse,0,<=50K
989,24,3,50.6,513,Private,Widowed,Female,Purchase,0,<=50K
990,61,2,57.0,519,Self-emp,Never-married,Male,Landing,0,<=50K
991,54,11,42.0,529,Unemployed,Married,Female,Signup,1,>50K
992,57,5,33.7,467,Govt,Divorced,Male,Landing,0,<=50K
993,62,7,40.1,497,Unemployed,Never-married,Female,Landing,0,<=50K
994,23,12,33.8,540,Govt,Divorced,Male,Browse,0,<=50K
995,54,10,42.4,462,Private,Never-married,Male,Purchase,0,<=50K
996,56,14,31.3,514,Private,Divorced,Female,Landing,1,>50K
997,21,8,49.0,529,Self-emp,Never-married,Female,Browse,0,<=50K
998,54,15,47.0,514,Self-emp,Widowed,Female,Landing,1,>50K
999,27,2,41.4,515,Self-emp,Widowed,Female,Signup,0,<=50K
1000,27,7,40.3,534,Govt,Married,Female,Signup,0,<=50K
